#,Period,Clock,Type,Detail,Player / Goalie,Opponent Scorer #,Opponent Assist 1 #,Opponent Assist 2 #,Strength,Video Timestamp,Video Segment,Segment Timestamp,Clip Start,Clip End,Segment Clip Start,Segment Clip End,Video Provider,Video Workflow,Clip URL,Edited At
1,3,00:41,GOAL,"#71 Declan Rayner — A: #89 Dellas Potter, #18 Andrew Raimondi • EV",#71 Declan Rayner,,,,EV,44:35:29,SEG-mtxxvhz9,44:19:24,44:35:24,44:35:44,44:19:19,44:19:39,YouTube,POSTGAME,,
2,3,00:43,SHOT,#89 Dellas Potter — On goal,#89 Dellas Potter,,,,,,,,,,,,,POSTGAME,,
3,3,01:07,SHOT,#88 Boston Smith — On goal,#88 Boston Smith,,,,,,,,,,,,,POSTGAME,,
4,3,03:14,OPP SHOT,Save — Emmett Sawchuk,#1 Emmett Sawchuk,,,,,,,,,,,,,POSTGAME,,
5,3,03:53,SHOT,#18 Andrew Raimondi — On goal,#18 Andrew Raimondi,,,,,,,,,,,,,POSTGAME,,
6,3,04:42,PENALTY,#73 Calvin Lind — Interference (02:00),#73 Calvin Lind,,,,,44:19:08,SEG-mtxxvhz9,44:03:03,44:19:03,44:19:23,44:02:58,44:03:18,YouTube,POSTGAME,,
7,3,04:55,SHOT,#73 Calvin Lind — On goal,#73 Calvin Lind,,,,,,,,,,,,,POSTGAME,,
8,3,05:20,SHOT,#73 Calvin Lind — On goal,#73 Calvin Lind,,,,,,,,,,,,,POSTGAME,,
9,3,05:41,OPP SHOT,Save — Emmett Sawchuk,#1 Emmett Sawchuk,,,,,,,,,,,,,POSTGAME,,
10,3,06:21,PENALTY,#77 Alex Poulin — Interference (03:00),#77 Alex Poulin,,,,,44:12:32,SEG-mtxxvhz9,43:56:27,44:12:27,44:12:47,43:56:22,43:56:42,YouTube,POSTGAME,,2026-09-14T01:31:33.513Z
11,3,07:36,GOAL,#3 Carson Bader — A: #16 Sutter Robinson • EV,#3 Carson Bader,,,,EV,44:09:54,SEG-mtxxvhz9,43:53:49,44:09:49,44:10:09,43:53:44,43:54:04,YouTube,POSTGAME,,
12,3,07:36,SHOT,#3 Carson Bader — On goal,#3 Carson Bader,,,,,,,,,,,,,POSTGAME,,
13,3,08:54,SHOT,#18 Andrew Raimondi — On goal,#18 Andrew Raimondi,,,,,,,,,,,,,POSTGAME,,
14,3,11:21,GOAL,#10 Kaden Lasota — Unassisted • SH,#10 Kaden Lasota,,,,SH,43:54:02,SEG-mtxxvhz9,43:37:57,43:53:57,43:54:17,43:37:52,43:38:12,YouTube,POSTGAME,,
15,3,11:35,PENALTY,#13 Blake Youngen — Interference (02:00),#13 Blake Youngen,,,,,43:46:40,SEG-mtxxvhz9,43:30:35,43:46:35,43:46:55,43:30:30,43:30:50,YouTube,POSTGAME,,
16,3,11:35,PENALTY,#13 Blake Youngen — Misconduct (10:00),#13 Blake Youngen,,,,,43:41:23,SEG-mtxxvhz9,43:25:18,43:41:18,43:41:38,43:25:13,43:25:33,YouTube,POSTGAME,,
17,3,11:45,SHOT,#3 Carson Bader — On goal,#3 Carson Bader,,,,,,,,,,,,,POSTGAME,,
18,3,12:29,PENALTY,#77 Alex Poulin — Slashing (02:00),#77 Alex Poulin,,,,,43:38:53,SEG-mtxxvhz9,43:22:48,43:38:48,43:39:08,43:22:43,43:23:03,YouTube,POSTGAME,,
19,3,12:39,GOAL,#13 Blake Youngen — A: #73 Calvin Lind • EV,#13 Blake Youngen,,,,EV,43:29:34,SEG-mtxxvhz9,43:13:29,43:29:29,43:29:49,43:13:24,43:13:44,YouTube,POSTGAME,,2026-09-14T00:36:57.730Z
20,3,12:39,SHOT,#73 Calvin Lind — On goal,#73 Calvin Lind,,,,,,,,,,,,,POSTGAME,,
21,3,13:00,PERIOD SETUP,3RD PERIOD ready — 13:00,,,,,,,,,,,,,,POSTGAME,,
22,2,00:30,SHOT,#19 Leo Krebsbach — On goal,#19 Leo Krebsbach,,,,,,,,,,,,,POSTGAME,,
23,2,00:56,GOAL,#19 Leo Krebsbach — A: #73 Calvin Lind • EV,#19 Leo Krebsbach,,,,EV,43:20:54,SEG-mtxxvhz9,43:04:49,43:20:49,43:21:09,43:04:44,43:05:04,YouTube,POSTGAME,,2026-09-14T00:31:06.844Z
24,2,01:23,SHOT,#14 Curtis Moyer — On goal,#14 Curtis Moyer,,,,,,,,,,,,,POSTGAME,,
25,2,02:20,OPP PENALTY,Opponent — Roughing (02:00),,,,,,43:04:21,SEG-mtxxvhz9,42:48:16,43:04:16,43:04:36,42:48:11,42:48:31,YouTube,POSTGAME,,
26,2,04:10,OPP PENALTY,Opponent — Hooking (02:00),,,,,,42:57:53,SEG-mtxxvhz9,42:41:48,42:57:48,42:58:08,42:41:43,42:42:03,YouTube,POSTGAME,,
27,2,04:10,SHOT,#13 Blake Youngen — On goal,#13 Blake Youngen,,,,,,,,,,,,,POSTGAME,,
28,2,04:23,OPP SHOT,Save — Emmett Sawchuk,#1 Emmett Sawchuk,,,,,,,,,,,,,POSTGAME,,
29,2,05:30,PENALTY,#71 Declan Rayner — Slashing (02:00),#71 Declan Rayner,,,,,42:54:43,SEG-mtxxvhz9,42:38:38,42:54:38,42:54:58,42:38:33,42:38:53,YouTube,POSTGAME,,
30,2,06:23,PENALTY,#73 Calvin Lind — Tripping (02:00),#73 Calvin Lind,,,,,42:51:20,SEG-mtxxvhz9,42:35:15,42:51:15,42:51:35,42:35:10,42:35:30,YouTube,POSTGAME,,2026-09-13T23:58:43.603Z
31,2,06:40,SHOT,#73 Calvin Lind — On goal,#73 Calvin Lind,,,,,,,,,,,,,POSTGAME,,
32,2,07:07,OPP SHOT,Save — Emmett Sawchuk,#1 Emmett Sawchuk,,,,,,,,,,,,,POSTGAME,,
33,2,07:31,SHOT,#13 Blake Youngen — On goal,#13 Blake Youngen,,,,,,,,,,,,,POSTGAME,,
34,2,08:23,SHOT,#16 Sutter Robinson — On goal,#16 Sutter Robinson,,,,,,,,,,,,,POSTGAME,,
35,2,08:31,OPP PENALTY,Opponent — Interference (02:00),,,,,,42:04:51,SEG-mtxxvhz9,41:48:46,42:04:46,42:05:06,41:48:41,41:49:01,YouTube,POSTGAME,,
36,2,08:31,SHOT,#89 Dellas Potter — On goal,#89 Dellas Potter,,,,,,,,,,,,,POSTGAME,,
37,2,09:09,SHOT,#18 Andrew Raimondi — On goal,#18 Andrew Raimondi,,,,,,,,,,,,,POSTGAME,,2026-09-13T22:58:43.200Z
38,2,09:24,SHOT,#89 Dellas Potter — On goal,#89 Dellas Potter,,,,,,,,,,,,,POSTGAME,,2026-09-13T22:57:22.380Z
39,2,09:41,SHOT,#89 Dellas Potter — On goal,#89 Dellas Potter,,,,,,,,,,,,,POSTGAME,,
40,2,10:23,SHOT,#73 Calvin Lind — On goal,#73 Calvin Lind,,,,,,,,,,,,,POSTGAME,,
41,2,10:54,SHOT,#77 Alex Poulin — On goal,#77 Alex Poulin,,,,,,,,,,,,,POSTGAME,,
42,2,11:37,SHOT,#13 Blake Youngen — On goal,#13 Blake Youngen,,,,,,,,,,,,,POSTGAME,,
43,2,12:03,SHOT,#3 Carson Bader — On goal,#3 Carson Bader,,,,,,,,,,,,,POSTGAME,,
44,2,12:16,SHOT,#19 Leo Krebsbach — On goal,#19 Leo Krebsbach,,,,,,,,,,,,,POSTGAME,,
45,2,12:22,SHOT,#89 Dellas Potter — On goal,#89 Dellas Potter,,,,,,,,,,,,,POSTGAME,,
46,2,12:52,CLOCK SETUP,2ND PERIOD length changed 15:00 → 13:00,,,,,,,,,,,,,,POSTGAME,,
47,2,15:00,PERIOD SETUP,2ND PERIOD ready — 15:00,,,,,,,,,,,,,,POSTGAME,,
48,1,00:39,SHOT,#73 Calvin Lind — On goal,#73 Calvin Lind,,,,,,,,,,,,,POSTGAME,,
49,1,00:52,SHOT,#13 Blake Youngen — On goal,#13 Blake Youngen,,,,,,,,,,,,,POSTGAME,,
50,1,00:58,SHOT,#3 Carson Bader — On goal,#3 Carson Bader,,,,,,,,,,,,,POSTGAME,,
51,1,02:01,SHOT,#14 Curtis Moyer — On goal,#14 Curtis Moyer,,,,,,,,,,,,,POSTGAME,,
52,1,02:54,SHOT,#98 Hudson Bauer — On goal,#98 Hudson Bauer,,,,,,,,,,,,,POSTGAME,,
53,1,04:05,OPP SHOT,Save — Emmett Sawchuk,#1 Emmett Sawchuk,,,,,,,,,,,,,POSTGAME,,
54,1,04:35,SHOT,#89 Dellas Potter — On goal,#89 Dellas Potter,,,,,,,,,,,,,POSTGAME,,
55,1,04:49,SHOT,#10 Kaden Lasota — On goal,#10 Kaden Lasota,,,,,,,,,,,,,POSTGAME,,
56,1,05:44,SHOT,#77 Alex Poulin — On goal,#77 Alex Poulin,,,,,,,,,,,,,POSTGAME,,
57,1,06:47,PENALTY,#3 Carson Bader — Interference (02:00),#3 Carson Bader,,,,,37:57:57,SEG-mtxxvhz9,37:57:57,37:57:27,37:58:07,37:57:27,37:58:07,YouTube,POSTGAME,,
58,1,06:59,SHOT,#71 Declan Rayner — On goal,#71 Declan Rayner,,,,,,,,,,,,,POSTGAME,,
59,1,07:10,PENALTY,#88 Boston Smith — Tripping (02:00),#88 Boston Smith,,,,,37:55:20,SEG-mtxxvhz9,37:55:20,37:54:50,37:55:30,37:54:50,37:55:30,YouTube,POSTGAME,,
60,1,08:00,OPP SHOT,Save — Emmett Sawchuk,#1 Emmett Sawchuk,,,,,,,,,,,,,POSTGAME,,
61,1,08:36,SHOT,#73 Calvin Lind — On goal,#73 Calvin Lind,,,,,,,,,,,,,POSTGAME,,
62,1,09:27,SHOT,#77 Alex Poulin — On goal,#77 Alex Poulin,,,,,,,,,,,,,POSTGAME,,
63,1,10:56,SHOT,#73 Calvin Lind — On goal,#73 Calvin Lind,,,,,,,,,,,,,POSTGAME,,2026-09-13T19:02:37.480Z
64,1,12:19,SHOT,#89 Dellas Potter — On goal,#89 Dellas Potter,,,,,,,,,,,,,POSTGAME,,2026-09-13T18:56:30.137Z
65,1,12:23,SHOT,#3 Carson Bader — On goal,#3 Carson Bader,,,,,,,,,,,,,POSTGAME,,2026-09-13T18:55:16.292Z
66,1,03:19,GOAL,#16 Sutter Robinson — Unassisted • EV,#16 Sutter Robinson,,,,EV,00:02:54,SEG-mtxxvhz9,00:02:54,00:02:24,00:03:04,00:02:24,00:03:04,YouTube,POSTGAME,,2026-09-13T19:27:47.637Z
67,1,15:00,VIDEO SYNC,Secondary video timeline started with first game-clock start; live event markers use absolute wall-clock timestamps,,,,,,,,,,,,,,POSTGAME,,